mot,frequence,categorie_suggestion (à remplir)
"engine",2896,
"water",2075,
"food & drink",1847,
"ambience",1835,
"button",1675,
"press",1598,
"people",1580,
"electronic",1575,
"vocal",1555,
"user",1553,
"slide",1533,
"power",1514,
"move",1467,
"transportation",1451,
"external",1448,
"tools",1435,
"kitchen",1429,
"metallic",1424,
"sports",1415,
"reverberant",1364,
"sequence",1343,
"weapons",1311,
"friction",1246,
"drive",1245,
"tool",1243,
"open",1231,
"vintage",1208,
"humanoid",1181,
"quick",1170,
"deep",1157,
"cloth",1157,
"scrape",1126,
"noise",1098,
"push",1094,
"switch",1093,
"audio visual",1086,
"tonal",1047,
"household",1043,
"monster",1037,
"ring",1033,
"clatter",1030,
"light",1028,
"handle",1021,
"big",1009,
"mid",996,
"internal",976,
"air",975,
"doors",951,
"fast decay",947,
"buzz",941,
"motor",939,
"guns",935,
"heavy",932,
"cartoon",920,
"game",907,
"handling",902,
"squeak",901,
"voices",899,
"rattling",893,
"turn",881,
"instrument",879,
"down",879,
"release",870,
"amusement",867,
"weapon",855,
"appliance",854,
"put",852,
"science fiction",843,
"very short",822,
"combat",820,
"exterior",816,
"male",813,
"rustle",813,
"retro",805,
"device",800,
"swooshes",788,
"work",762,
"drill",757,
"sport",751,
"up",746,
"pull",734,
"interior",726,
"shake",721,
"motion",711,
"digital",706,
"loud",700,
"animals",699,
"call",696,
"container",693,
"wet",691,
"dry",689,
"rustling",682,
"audience",681,
"abstract",680,
"ui",675,
"music",672,
"synthetic",665,
"rock",665,
"roller",663,
"ancient",662,
"about",658,
"hum",656,
"workshop",651,
"table",646,
"enable",646,
"disable",646,
"alert",643,
"shut",642,
"inside car",636,
"stone",631,
"debris",628,
"spring",625,
"reaction",625,
"applauding",625,
"instruments",623,
"leather",622,
"aircraft",618,
"modern",614,
"various instances",612,
"mechanics",606,
"science",602,
"pitch",597,
"stop",595,
"stereo",593,
"run",592,
"start",588,
"fiction",586,
"attack",581,
"cooking",580,
"spin",577,
"play",574,
"place",574,
"cinematic elements",572,
"sci fi",566,
"engineering",565,
"growl",562,
"shot",560,
"coaster",560,
"screech",544,
"medium fast decay",538,
"hand",536,
"closing",528,
"idle",528,
"vegetation",526,
"enabling",526,
"disabling",526,
"speed",525,
"shout",525,
"beast",523,
"cassette",521,
"food",520,
"tableware",513,
"female",512,
"man",508,
"clank",505,
"stringed",504,
"some",503,
"atmo",502,
"historical",502,
"take",499,
"roll",496,
"bag",490,
"rocks",488,
"offride",488,
"off",485,
"grind",485,
"equipment",482,
"hydraulic",482,
"gear",481,
"system",479,
"clattering",478,
"opening",477,
"industrial",477,
"zombie",477,
"cheering",476,
"aquatic",475,
"wooden",473,
"packaging",469,
"industry",467,
"burst",466,
"sliding",459,
"storage",458,
"male voice",457,
"crackle",453,
"ride",449,
"aggressive",446,
"average",445,
"park",440,
"reverb",437,
"5l tdi diesel",433,
"elements",432,
"player",430,
"on",428,
"lift",428,
"latch",427,
"inside",426,
"fun",426,
"lid",425,
"ringing",424,
"gore",424,
"mono",424,
"radio",422,
"shaking",418,
"wobble",415,
"bathroom",414,
"grab",414,
"sound",413,
"ground",413,
"woman",411,
"gym",410,
"swish",406,
"body",406,
"graphical",406,
"bright",401,
"box",401,
"out",395,
"express",395,
"moving",394,
"medieval",393,
"rail",393,
"case",393,
"plane",391,
"band",389,
"song & phrase",387,
"clothes",386,
"feedback",383,
"rifle",383,
"cook",381,
"clean",379,
"pass",379,
"tap",378,
"synth",378,
"passby",375,
"camera",375,
"ball",373,
"wheel",371,
"shooter",371,
"soviet",370,
"gaming",369,
"computers",368,
"emotion",367,
"toy",366,
"whip-panning",364,
"steady",363,
"clang",361,
"distorted",355,
"strike",355,
"photo",355,
"pipe",354,
"shoot",354,
"audio",354,
"fantasy",353,
"electricity",353,
"gentle",351,
"driving",351,
"chink",350,
"chains",349,
"fitness",341,
"turbine",339,
"in engine compartement",338,
"plate",337,
"drawer",336,
"building",335,
"outside",334,
"lever",334,
"note",333,
"sharp",331,
"liquid",329,
"strong",328,
"cut",328,
"military",327,
"scraping",326,
"flow",322,
"falling",318,
"jet",318,
"menu",318,
"hiss",317,
"armor",316,
"horn",315,
"accelerate",315,
"trains",314,
"mumbling",313,
"crowds",313,
"undead",312,
"whistle",311,
"site",311,
"auto",311,
"scratching",310,
"insect",306,
"external at exhaust",306,
"flutter",305,
"media",304,
"reverse",303,
"ice",303,
"tone",302,
"by",302,
"flyby",302,
"farm",302,
"stick",301,
"medium decay",299,
"bmw",297,
"tape",296,
"volkswagen",295,
"beat",293,
"1991 gasoline",293,
"dishes",292,
"suppressed",292,
"board",291,
"tree",291,
"effect",290,
"crash & debris",290,
"hifi",290,
"like",289,
"cutlery",289,
"mouse",289,
"tail",287,
"whistling",287,
"insert",286,
"telephone",284,
"clicking",284,
"ghoul",283,
"skeleton",283,
"fabric",282,
"games",282,
"mummy",282,
"rough",281,
"mouth",279,
"several",278,
"sci-fi",278,
"control",278,
"hall",278,
"drum",276,
"race",276,
"textile",274,
"turning",273,
"2007 gasoline",273,
"kitchenware",273,
"gas",271,
"squeaking",270,
"toys",270,
"intensity",269,
"clink",268,
"double",267,
"bounce",266,
"hollow",265,
"sci",265,
"cabinet",264,
"future",263,
"console",263,
"quiet",262,
"slowly",262,
"tiny",261,
"dining room",260,
"piece",257,
"roar",256,
"mechanic",256,
"groan",255,
"climb",255,
"pc",252,
"eating",252,
"string",251,
"floor",250,
"screaming",250,
"foliage",250,
"angry",249,
"close perspective",248,
"continuous",247,
"synthesized",247,
"squeal",247,
"rise",246,
"hitting",246,
"racing",246,
"throw",246,
"chirp",246,
"diesel",246,
"pad",245,
"comic",244,
"blast",244,
"strong low resonance",244,
"cinematic trailers",244,
"talking",244,
"5i 2",244,
"blow",243,
"plants",243,
"shooting",243,
"dull",242,
"travel",242,
"ratchet",241,
"followed",241,
"buzzing",240,
"data",240,
"technology",239,
"rev",238,
"truck",238,
"antique",236,
"surface",233,
"crunch",233,
"jingle",232,
"coffee",232,
"glassware",232,
"in",231,
"pistol",231,
"source",231,
"howl",229,
"german",228,
"dropping",227,
"blade",227,
"element",226,
"electronics",225,
"filter",224,
"shouting",224,
"5i 3.7l gasoline",224,
"sheet",222,
"huge",221,
"boulder",221,
"can",221,
"brief",220,
"concrete",220,
"knob",220,
"short length",219,
"ripple",219,
"controller",219,
"away",218,
"left",218,
"cheering and whistling",218,
"drawers",218,
"creepy",217,
"package",217,
"screw",216,
"snarl",215,
"long decay",214,
"rolling",214,
"shell",214,
"bang",212,
"keyboard & mouse",212,
"zipper",212,
"photographer",212,
"woodwind",211,
"resonant",210,
"quickly",210,
"stack",210,
"subtle",210,
"gargle",210,
"humming",209,
"empty",208,
"moan",208,
"hilly landscape",208,
"bubble",207,
"dirt",207,
"distortion",206,
"damped",205,
"ghost",205,
"2.4l tdi diesel",205,
"environment",204,
"echo",204,
"ceramics",203,
"female voice",203,
"stopping",202,
"bullet",202,
"vw",202,
"generic",201,
"gymnasium",201,
"tropical",201,
"bureau",200,
"application",200,
"underwater",199,
"harsh",198,
"pile",197,
"keys",195,
"ogre",195,
"ingredients",195,
"rip",194,
"secretary",194,
"draw",193,
"store",193,
"external mic",193,
"onride",192,
"augmented",192,
"virtual",192,
"reality",192,
"remove",191,
"noisy",191,
"walking",190,
"cap",190,
"servo",188,
"fired in open",188,
"tube",187,
"kick",186,
"airy",186,
"aluminum",186,
"furniture",185,
"acoustic",184,
"destruction",184,
"concert",184,
"carpenter",182,
"solid",182,
"thud",182,
"blood",182,
"static",182,
"porsche",182,
"grunt",181,
"robots",181,
"dinner",180,
"cam",180,
"far",178,
"anmlaqua",177,
"swing",176,
"seat",176,
"cold",176,
"kids",175,
"exhale",175,
"frequency",175,
"bird of prey",175,
"funny",174,
"decreasing",173,
"bush",173,
"scary",173,
"transport",173,
"rotate",173,
"scroll",173,
"pop",172,
"back",172,
"rubber",172,
"trash",172,
"impacts",172,
"renovate",172,
"weight",172,
"safety",172,
"recreational",172,
"wheeled",172,
"clothing",171,
"crackling",170,
"modulation",170,
"walkman",170,
"at exhaust",170,
"in engine compartment",170,
"tile",169,
"washing",169,
"automatic",168,
"crack",168,
"bullets",168,
"shriek",168,
"shotgun from side",168,
"knight",167,
"group",167,
"mill",167,
"spirit",167,
"drip",167,
"tiguan",167,
"stage",166,
"playing",166,
"ceramic",166,
"gurgle",166,
"2.4l gasoline",166,
"signal",165,
"stutter",165,
"passenger",165,
"normal",165,
"sports car",165,
"court",165,
"orc",165,
"two",164,
"brush",164,
"creaking",164,
"jacket",164,
"sewing",164,
"flip",163,
"evil",163,
"cardboard",163,
"set",163,
"end",162,
"breathe",162,
"screen",162,
"slap",161,
"hardware",161,
"prop",161,
"v6 3.6l gasoline",161,
"0l tdi diesel",161,
"flapping",160,
"hygiene",160,
"softly",159,
"rumbling",159,
"sweetener",159,
"foil",159,
"6l gasoline",159,
"one",158,
"echoing tail",158,
"4l gasoline",158,
"bow",157,
"cover",157,
"closet",157,
"twist",157,
"bubbles",156,
"bone",156,
"croak",156,
"interact",156,
"long sequence",155,
"distance",155,
"boing",155,
"blunt",155,
"rising",154,
"firearm",154,
"monitor",154,
"spinning",153,
"children",153,
"top",153,
"breeze",153,
"shutter",153,
"army",153,
"controlled",153,
"cable",152,
"glide",152,
"wash",152,
"talk",152,
"zip",152,
"room tone",152,
"adjust",152,
"yell",152,
"document",152,
"trill",151,
"trailer",151,
"bubbling",150,
"automobile",150,
"inhale",150,
"renovating",150,
"splashing",150,
"baby",149,
"rhythmic",149,
"plug",148,
"slime",148,
"arrow",148,
"revving",147,
"steel",147,
"tear",147,
"wings",147,
"hot",147,
"happy",146,
"melodic",146,
"aside",146,
"fluttering",145,
"notes",144,
"high pitch",144,
"chord",144,
"iron",144,
"pulling",144,
"slider",144,
"breakdance",144,
"swell",143,
"brake",143,
"lasers",143,
"destroy",142,
"crumple",142,
"grinder",142,
"start up",142,
"landline",142,
"action",141,
"baking",141,
"motors",141,
"die",141,
"unsteady",140,
"synthesizer",140,
"spray",140,
"latching",140,
"2011 gasoline",140,
"twice",139,
"flap",139,
"burn",139,
"flame",138,
"liquid &amp; mud",138,
"windows",138,
"stuttering",137,
"pan",137,
"pushing",137,
"training",137,
"suitcase",137,
"throaty",137,
"delay",136,
"music player",136,
"pool",135,
"cupboard",135,
"smooth",134,
"bake",134,
"railway",133,
"stationary",133,
"painful",132,
"hitech",132,
"1996 gasoline",132,
"compact",131,
"rocket",131,
"resonating",131,
"2011 diesel",131,
"shaker",130,
"collision",130,
"broken",129,
"pick",129,
"change",129,
"little",129,
"hurt",129,
"hover",129,
"cyclops",129,
"white",129,
"dj",128,
"clash",128,
"sizzle",128,
"machinery",128,
"front",128,
"react",128,
"live",127,
"long length",127,
"rub",127,
"dense",127,
"single shots",127,
"varying",127,
"starting slowly",127,
"2006 gasoline",127,
"pieces",126,
"foot",126,
"flight",126,
"raspy",126,
"sick",126,
"shrub",126,
"tense",125,
"garden",125,
"flesh",125,
"fighter",125,
"allspace",125,
"cleaning",125,
"3-series",125,
"e46",125,
"bowl",124,
"percussive",123,
"smack",123,
"general",123,
"skate",123,
"laughing",123,
"jump",122,
"public",122,
"unstable",121,
"bark",121,
"dive",121,
"rotary",121,
"masonry",120,
"trepan",120,
"weather",120,
"mixed beater",120,
"clunk",120,
"forward",120,
"distant screams",120,
"pump",119,
"deck",118,
"scrap",118,
"brick",118,
"organic",118,
"belt",118,
"winter",118,
"dial",118,
"list",118,
"smash",117,
"plumbing",117,
"hutch",117,
"mysterious",116,
"decelerate",116,
"drinking",116,
"pressure",116,
"clack",115,
"dripping",115,
"movie",115,
"sea",115,
"hydraulic & pneumatic",115,
"2004 gasoline",115,
"mourning dove",115,
"tremolo",114,
"child",114,
"decay",114,
"fist",114,
"target",114,
"club",114,
"chips",114,
"recorded in studio",114,
"acceleration",113,
"file",113,
"wall",113,
"heavily",113,
"caliber",113,
"echoing",113,
"wheels",113,
"american",112,
"sub",112,
"sink",112,
"thin",112,
"slosh",112,
"few",112,
"television",111,
"flying",111,
"twitter",111,
"helicopter",111,
"ai",111,
"carbine",111,
"played",110,
"nuendo",110,
"wave",110,
"error",110,
"pig",110,
"parts",109,
"wobbling",109,
"write",109,
"modulated",109,
"pot",109,
"firefighter",109,
"umbrella",109,
"ill",109,
"nylon",108,
"chair",108,
"road",108,
"jig",108,
"submachine gun",108,
"key ring",108,
"short sequence",107,
"late",107,
"alpine",107,
"wipe",106,
"carton",106,
"search",106,
"excited",106,
"moskvitch",106,
"setting",105,
"day",105,
"gears",105,
"parrot",105,
"single hits",104,
"snappy",104,
"toolbox",104,
"drops",104,
"whirring",104,
"cheep",104,
"cup",104,
"hoot",103,
"tin",103,
"massive",103,
"remote",103,
"stove",103,
"honk",103,
"pvc",102,
"a/b cardioid",102,
"twister",102,
"motorbike",102,
"communication",102,
"pluck",101,
"chime",101,
"changing",101,
"blowing",101,
"block",101,
"exercise",101,
"fan",101,
"hands",101,
"workout",101,
"range",101,
"poker",101,
"xbox 360",101,
"toilet",100,
"snapping",100,
"tactical",100,
"choke",100,
"extraterrestrial",100,
"snort",99,
"warm",99,
"vibration",99,
"socket",99,
"grinding",99,
"touch",99,
"shotgun",99,
"assault",99,
"muffled",98,
"magical",98,
"disk",98,
"medium long decay",98,
"fading",98,
"gravel",98,
"constantly",98,
"report",98,
"all four hoofs",98,
"bowed",97,
"crunching",97,
"detonation",97,
"track",97,
"renault",97,
"putting",96,
"vocalization",96,
"comedy",96,
"clanking",96,
"barbell",96,
"silverware",96,
"cassette deck",96,
"working",95,
"filled",95,
"negative",95,
"skateboard",95,
"boy",95,
"confirm",95,
"flatware",95,
"texture",94,
"loose",94,
"cracking",94,
"garage",94,
"bucket",94,
"carabiner",94,
"climbing",94,
"paranormal",94,
"message",94,
"program",94,
"stab",93,
"smacking",93,
"spacy",93,
"processed",93,
"fighting",93,
"flowing",93,
"caw",93,
"connection",92,
"medium length",92,
"passing",92,
"fader",92,
"alcohol",92,
"nose",92,
"mover",92,
"cat wild",92,
"build",91,
"many",91,
"crazy",91,
"clasp",91,
"suburban",91,
"trolley",91,
"recording",91,
"batting",91,
"insectoid",91,
"intense",90,
"page",90,
"fly by",90,
"asphalt",90,
"tea",90,
"diner",90,
"desk",90,
"ranged weapon",90,
"hair",90,
"complex",89,
"tensioning",89,
"thick",89,
"polyester",89,
"fizz",89,
"test bench",89,
"medicine",89,
"entrance",89,
"jangle",88,
"muted",88,
"resonance",88,
"plop",88,
"mutate",88,
"vacation",88,
"mammal",88,
"pant",88,
"harley",88,
"pipeline",88,
"pedal",87,
"pitched",87,
"classic",87,
"full",87,
"nut",87,
"history",87,
"party",87,
"construction site",87,
"buckle",87,
"fart",87,
"handheld",86,
"stroke",86,
"eject",86,
"dough",86,
"shift",86,
"polish",86,
"sizzling",86,
"needle",86,
"frozen",86,
"gastronomy",86,
"beverage",86,
"tablet",86,
"threatful",86,
"pharmacy",86,
"slobber",86,
"biker",86,
"ps4",86,
"playstation",86,
"reject",86,
"record",85,
"constant",85,
"put away",85,
"video",85,
"whizz",85,
"gardening",85,
"mucus",85,
"starting",85,
"chef",85,
"audi",85,
"rubble",84,
"cricket",84,
"rack",84,
"death",84,
"illness",84,
"shopping",84,
"espresso",84,
"go-kart",84,
"hud",84,
"photography",84,
"rehearse",83,
"bump",83,
"sand",83,
"process",83,
"squish",83,
"jar",83,
"hell",83,
"three",82,
"closed",82,
"propeller",82,
"right",82,
"bouncing",82,
"accelerating",82,
"generator",82,
"tick",82,
"accessories",82,
"unlock",82,
"polearm",82,
"pub",82,
"bus",82,
"hits",81,
"sing",81,
"fowl",81,
"clicks",81,
"ticking",81,
"dress",81,
"medication",81,
"pill",81,
"disease",81,
"complaint",81,
"sheep",81,
"cork",81,
"register",80,
"plunger",80,
"house",80,
"balloon",80,
"under",80,
"breakfast",80,
"home",80,
"goose",80,
"beard",80,
"studio",80,
"uber",80,
"modern ui sound",80,
"wiggle",79,
"short duration",79,
"long tail",79,
"liquid & mud",79,
"steam",79,
"rails",79,
"mare",79,
"dish",79,
"neigh",79,
"food &amp; drink",79,
"dead",78,
"rotation",78,
"charge",78,
"crunchy",78,
"terminal",78,
"shuffling",78,
"drive by",78,
"rpm",78,
"rusty",78,
"pocket",78,
"camping",78,
"start forward",78,
"smartphone",78,
"shard",77,
"beginning",77,
"clocks",77,
"launch",77,
"skating",77,
"goblin",77,
"buzz & hum",77,
"amp",76,
"rhythm",76,
"character",76,
"singing",76,
"fx",76,
"upright bass",76,
"electric upright bass",76,
"bassist",76,
"frequent",76,
"step",76,
"crush",76,
"landing",76,
"giant",76,
"4m distance",76,
"gloves",76,
"cooker",76,
"optima",76,
"daro",76,
"collapse",75,
"adventure",75,
"evolve",75,
"bin",75,
"moderate",75,
"toon",75,
"demon",75,
"rust",75,
"very close",75,
"soundcheck",74,
"hole",74,
"gurgling",74,
"devil",74,
"chorus",74,
"telemetry",74,
"ladder",74,
"recorded outdoors (od)",74,
"fruit",74,
"different",73,
"melee",73,
"foam",73,
"earth",73,
"hissing",73,
"drinks",73,
"walla",73,
"peugeot",73,
"spotted towhee",73,
"orchestral",72,
"over",72,
"resonate",72,
"level",72,
"letter",72,
"pass by",72,
"worker",72,
"sounds",72,
"historic",72,
"jewelry",72,
"presser",72,
"sony",72,
"time",71,
"screechy",71,
"oven",71,
"scared",71,
"subtly",71,
"ignite",71,
"year",71,
"muscle",71,
"vito",71,
"2009 gasoline",71,
"grand",70,
"motion picture",70,
"select",70,
"bike",70,
"reverberating",70,
"detail",70,
"pottery",70,
"tight",69,
"shatter",69,
"stones",69,
"bedroom",69,
"artificial intelligence",69,
"fashion",69,
"harness",69,
"oldtimer",69,
"dwarf",69,
"wild",68,
"reverberation",68,
"clown",68,
"branches",68,
"filtered",68,
"spacecraft",68,
"emergency",68,
"skin",68,
"take off",68,
"aeroplane",68,
"mono prop",68,
"layer",68,
"pallet",68,
"swipe",68,
"extend",68,
"american robin",68,
"dissonant",67,
"steps",67,
"fear",67,
"envelope",67,
"fold",67,
"connector",67,
"used",67,
"cars",67,
"turn on",67,
"swash",67,
"left and right",67,
"launching",67,
"artificial",67,
"boiler",67,
"strap",67,
"explosions",67,
"golf",67,
"basketball",67,
"exit",67,
"conversation",67,
"dishware",67,
"bleat",67,
"chewing",67,
"f12",67,
"increasing",66,
"rapid",66,
"rush",66,
"burning",66,
"screwdriver",66,
"sparks",66,
"chirping",66,
"gui",66,
"trigger",66,
"alarms",66,
"5m distance",66,
"distance 1m",66,
"fastener",66,
"attachment",66,
"dishwasher",66,
"oink",66,
"tropic",66,
"vinyl",65,
"xlr",65,
"sustain",65,
"descending",65,
"incoming",65,
"squeeze",65,
"craft",65,
"return",65,
"money",65,
"ufo",65,
"aged",65,
"backpack",65,
"activity",65,
"illuminate",65,
"rewind",65,
"electromagnetic",65,
"harmonic",64,
"jack",64,
"documents",64,
"factory",64,
"duck",64,
"disgusting",64,
"meadow",64,
"pressing",64,
"preparation",64,
"meal",64,
"locomotive",64,
"childhood",64,
"spoon",64,
"cal 7.62mm fmj",64,
"1m distance",64,
"a4",64,
"broadband noise",64,
"american crow",64,
"luck",64,
"casino",64,
"polaroid supercolor 635",64,
"polaroid",64,
"listening",64,
"audiobook",64,
"e-bass",63,
"stream",63,
"meat",63,
"excavator",63,
"throat",63,
"humm",63,
"densely",63,
"pack",63,
"finish",63,
"shave",63,
"constantly mumbling",63,
"nicker",63,
"poof",63,
"gambling",63,
"bet",63,
"magazine",62,
"through",62,
"calculating",62,
"tv",62,
"squeaky",62,
"tracks",62,
"area",62,
"approaching",62,
"blender",62,
"growling",62,
"shower",62,
"intelligence",62,
"tractor",62,
"archery",62,
"bolster",62,
"interference",62,
"sustained",61,
"joyful",61,
"load",61,
"prepare",61,
"hard sound",61,
"tire",61,
"agriculture",61,
"yelling",61,
"vibrato",60,
"bit",60,
"grain",60,
"positive",60,
"book",60,
"chicken",60,
"idling",60,
"powerful",60,
"boats",60,
"fireworks",60,
"sniper",60,
"microphone",60,
"common cold",60,
"coughing",60,
"skater",60,
"go kart",60,
"tease",60,
"cyber",60,
"handset",60,
"look",60,
"transceiver",60,
"headphone",60,
"oboe",59,
"egg",59,
"glitchy",59,
"garbage",59,
"short sound",59,
"squishy",59,
"calling",59,
"medium perspective",59,
"slight rattling",59,
"individual",59,
"technical",59,
"armory",59,
"pasta",59,
"tennis",59,
"mixer",59,
"barn",59,
"texas",59,
"holdem",59,
"cellphone",59,
"doppler",58,
"card",58,
"material",58,
"indoors",58,
"coming",58,
"splat",58,
"town",58,
"folding",58,
"smashing",58,
"trickle",58,
"sparkling",58,
"times",58,
"excitement",58,
"hang",58,
"racket",58,
"punching bag",58,
"punchbag",58,
"flexing",58,
"trim",58,
"drift",58,
"aula",58,
"scooping sound",58,
"leprechaun",58,
"app",58,
"sad",57,
"beatbox",57,
"slight",57,
"cymbal",57,
"bed",57,
"log",57,
"star",57,
"exert",57,
"tank",57,
"smg",57,
"quiver",57,
"interior recording",57,
"rippling water",57,
"trunk",56,
"kill",56,
"raise",56,
"throttle",56,
"lot",56,
"rubbing",56,
"distant-combat weapon",56,
"wwii",56,
"chain mail",56,
"flash",56,
"mercedes-benz",56,
"chat",56,
"gobble",56,
"kraken",56,
"alpha",56,
"lens",56,
"headphones",56,
"producer",56,
"slide tray",56,
"finger",55,
"analog",55,
"pen",55,
"scrub",55,
"projectile",55,
"rod",55,
"beeps",55,
"bleep",55,
"martial arts",55,
"fasten",55,
"twisting",55,
"boxing",55,
"saddle",55,
"go",55,
"spices",55,
"bite",55,
"countryside",55,
"decline",55,
"close exterior perspective",55,
"vocals",54,
"clicky",54,
"paperwork",54,
"beam",54,
"gong",54,
"builder",54,
"structure",54,
"guts",54,
"dumbbell",54,
"screeching",54,
"loudly",54,
"mono omnidirectional microphone",54,
"indirect",54,
"tray",54,
"respiration",54,
"deep voice",54,
"farts",54,
"loop group",54,
"covering",54,
"shot glass",54,
"text",54,
"clap",53,
"placing",53,
"handbell",53,
"shortly",53,
"glug",53,
"private",53,
"damage",53,
"radio controlled",53,
"hoist",53,
"vibrate",53,
"stressed",53,
"swimming",53,
"slow down",53,
"dining",53,
"submachine",53,
"billiard",53,
"mumble",53,
"laundry",53,
"decreasing intensity",53,
"grasshopper",53,
"allroad",53,
"outside car",53,
"wavering",52,
"bend",52,
"arcade",52,
"land",52,
"adaptor",52,
"cinema",52,
"intro",52,
"lightning",52,
"approach",52,
"hose",52,
"rustling leaves",52,
"saber",52,
"shuttle",52,
"saucepan",52,
"catch",52,
"protection",52,
"zoom",52,
"far distance",52,
"battery",52,
"trousers",52,
"cotton",52,
"teeth",52,
"velcro",52,
"some coughing",52,
"scooter",52,
"cd player",52,
"kangoo",52,
"crunching sound",52,
"binary",52,
"canon eos 7d",52,
"canon",52,
"letters",52,
"tinkle",51,
"fork",51,
"trees",51,
"boeing",51,
"doppler effect",51,
"slightly reverberant",51,
"armour",51,
"rubbish",51,
"runny",51,
"stereo version",51,
"attacking",51,
"sew",51,
"lisp",51,
"babbling",51,
"high pitched",50,
"unplug",50,
"random",50,
"footsteps",50,
"shaky",50,
"rich",50,
"galaxy",50,
"strip",50,
"whistles",50,
"faint",50,
"direct",50,
"lamp",50,
"additional",50,
"lightweight",50,
"precision",50,
"dual mono shotgun",50,
"reverb tail",50,
"forest-like",50,
"light echoes",50,
"slow pace",50,
"template",50,
"zoo",50,
"european",50,
"jeep",50,
"cherokee",50,
"shrill",49,
"axe",49,
"hard drive",49,
"briefly",49,
"rain drops",49,
"chatter",49,
"scratching over surface",49,
"warble",49,
"wide a/b omni",49,
"stealth",49,
"flavor",49,
"fencing",49,
"barber",49,
"mumbling in background",49,
"van",49,
"pat",48,
"read",48,
"care",48,
"manual",48,
"wrench",48,
"grunting",48,
"two strong",48,
"malfunction",48,
"bath",48,
"blaster",48,
"puddle",48,
"sharpen",48,
"accessory",48,
"coil",48,
"use",48,
"celebration",48,
"pdw cal",48,
"5.56 nato",48,
"11.5 in barrel",48,
"mono shotgun",48,
"16 in barrel",48,
"assault rifle",48,
"young",48,
"table tennis",48,
"hoarse",48,
"tumbler",48,
"hike",48,
"language",48,
"metro",48,
"hairdresser",48,
"carousel",48,
"bellow",48,
"super car",48,
"sentence",48,
"option",48,
"type",48,
"minolta dynax 505",48,
"minolta",48,
"boombox",48,
"end of line",48,
"chimes",47,
"held",47,
"high-pitched",47,
"jumping",47,
"forceful",47,
"planet",47,
"purr",47,
"fire department",47,
"cannon",47,
"squad",47,
"traveling",47,
"daytime",47,
"skirmish",47,
"wrap",47,
"retract",47,
"carriage",47,
"stitch",47,
"cage",47,
"sportscar",47,
"subcompact",47,
"gaz-53",47,
"nr applied",47,
"seasoning",47,
"selection",47,
"jitter",47,
"song",46,
"turntable",46,
"dangerous",46,
"clear",46,
"horrific",46,
"women",46,
"throwing",46,
"motherboard",46,
"lightly",46,
"summer",46,
"chisel",46,
"rotor",46,
"film",46,
"sudden",46,
"damaged",46,
"douche",46,
"stand",46,
"warrior",46,
"577 calibre",46,
"chalk",46,
"highway",46,
"uaz-469",46,
"breathy",45,
"producing",45,
"grasp",45,
"laptop",45,
"bassy",45,
"warning",45,
"effort",45,
"hedge",45,
"weather sphere",45,
"dust",45,
"glassy",45,
"darkness",45,
"electrified",45,
"moaning",45,
"whispering",45,
"cleaner",45,
"very long",45,
"wide a/b cardioid",45,
"pitch rising",45,
"shoe",45,
"ingest",45,
"lighter",45,
"appear",45,
"thicket",45,
"fast pace",45,
"laughter",45,
"cheeky",45,
"tones",44,
"triple",44,
"cigarette",44,
"repair",44,
"heat",44,
"wound",44,
"clip",44,
"thunderstorm",44,
"typical",44,
"speak",44,
"bulb",44,
"firework",44,
"reflections",44,
"reload",44,
"arcane",44,
"omnidirectional microphones",44,
"walnut",44,
"shutting",44,
"coiffeur",44,
"neighing",44,
"zaporozhets",44,
"wet and slimy",44,
"witch",44,
"snack",44,
"living",44,
"batteries",44,
"arrive",43,
"dried",43,
"wardrobe",43,
"grate",43,
"shifting",43,
"mode",43,
"mid resonance",43,
"shimmering",43,
"tub",43,
"upset",43,
"glasses",43,
"grid",43,
"releasing",43,
"epee",43,
"bowling",43,
"wine bottle",43,
"grazing",43,
"master",43,
"toyota",43,
"platform",43,
"avian",43,
"raptor",43,
"slaughter",43,
"metronome",42,
"vibrating",42,
"major",42,
"fine",42,
"once",42,
"striking",42,
"scratchy",42,
"mail",42,
"clapping",42,
"generic metal",42,
"short decay",42,
"grainy",42,
"demolish",42,
"cutting",42,
"locking",42,
"activate",42,
"strong resonance",42,
"strong single hit",42,
"gently",42,
"sergeant",42,
"instructor",42,
"thrust",42,
"soldier",42,
"juicy",42,
"3m distance",42,
"denim",42,
"duel",42,
"billiards",42,
"quack",42,
"cheer",42,
"pained",42,
"auditorium",42,
"swine",42,
"vw tiguan 2018",42,
"song sparrow",42,
"pillow",42,
"distant exterior perspective",42,
"scrolling",42,
"choose",42,
"sparkle",41,
"detailed",41,
"blop",41,
"ascending",41,
"jigsaw",41,
"woods",41,
"barrel",41,
"meteor",41,
"granular",41,
"dragging",41,
"horticulture",41,
"halt",41,
"clanging",41,
"splatter",41,
"noises",41,
"short tail",41,
"shore",41,
"movements",41,
"receiver",41,
"changer",41,
"instable",41,
"wring",41,
"plant",41,
"sleeve",41,
"pepper",41,
"wheeze",41,
"number",41,
"tires",41,
"eagle",41,
"sewing machine",41,
"rhythmically",41,
"pebble",41,
"chinook",41,
"upshifting",41,
"saab",41,
"jingling",40,
"around",40,
"punchy",40,
"fill",40,
"ending",40,
"plucked",40,
"unknown",40,
"bakery",40,
"disc",40,
"universe",40,
"comet",40,
"expand",40,
"rooster",40,
"heli",40,
"medium attack",40,
"braking",40,
"extinguish",40,
"toppy",40,
"vegetable",40,
"grabbing",40,
"58 calibre",40,
"spacious",40,
"cheap",40,
"direction",40,
"purse",40,
"martial",40,
"archaic",40,
"blacksmithing",40,
"ice skating",40,
"injured",40,
"cloths",40,
"people whistling",40,
"gadget",40,
"rapid flapping",40,
"map",40,
"plugbar",40,
"keystroke",40,
"low pitch",39,
"musician",39,
"fade",39,
"danger",39,
"squeaks",39,
"notebook",39,
"pencil",39,
"carpet",39,
"branch",39,
"comb",39,
"length",39,
"thuds",39,
"downpour",39,
"f22",39,
"deep hit",39,
"vibrant",39,
"atmospheric",39,
"transient",39,
"transfer",39,
"tech",39,
"anger",39,
"space shuttle",39,
"cogwheel",39,
"wine",39,
"brushing",39,
"approx 4m",39,
"lmg",39,
"balance",39,
"cat domestic",39,
"shifting into gear",39,
"deceleration",39,
"nutcracker",39,
"banshee",39,
"acoustic guitar",38,
"connect",38,
"crushed",38,
"unfolding",38,
"crate",38,
"roaring",38,
"batter",38,
"pouch",38,
"tiles",38,
"depart",38,
"crying",38,
"public transportation",38,
"attached",38,
"orders",38,
"waterbody",38,
"canister",38,
"pitch falling",38,
"distant perspective",38,
"long range",38,
"quickdraw",38,
"tent",38,
"pause",38,
"kazoo",38,
"flicker",38,
"densely mumbling",38,
"left hoofs",38,
"right hoofs",38,
"e60",38,
"kart",38,
"rustling and shuffling",38,
"yeti",38,
"bigfoot",38,
"cocktail",38,
"dice",38,
"bamboo",37,
"continuously",37,
"riding",37,
"weird",37,
"stretch",37,
"accept",37,
"men",37,
"waste",37,
"celebrate",37,
"pine",37,
"long duration",37,
"weak",37,
"neutral",37,
"slice",37,
"pouring",37,
"necklace",37,
"inserting",37,
"slimy",37,
"cord",37,
"gradual",37,
"shattering",37,
"popping",37,
"repeating",37,
"zapper",37,
"sine",37,
"rusty metal machine",37,
"fix",37,
"unscrew",37,
"swordplay",37,
"quickdraws",37,
"hurry",37,
"v6",37,
"nautical",37,
"house wren",37,
"reptilian",37,
"tongue",36,
"reversed",36,
"kid",36,
"forth",36,
"show",36,
"ripping",36,
"woodwork",36,
"soft impact",36,
"universal serial bus",36,
"double-click",36,
"zap",36,
"plastering",36,
"upkeep",36,
"maintenance",36,
"struggle",36,
"low throttle",36,
"single strong",36,
"clinking",36,
"groaning",36,
"cookie",36,
"alive",36,
"ears",36,
"adrenaline",36,
"chunky",36,
"warship",36,
"utensil",36,
"germany",36,
"faucet",36,
"mace",36,
"warfare",36,
"revolver",36,
"kalashnikov",36,
"packing",36,
"luggage",36,
"distant bird chirping",36,
"onride amusement",36,
"roller coaster",36,
"fair",36,
"theme park",36,
"bj",36,
"vintage car",36,
"busy",36,
"frogs",36,
"ruckle",36,
"bell like timbre",36,
"ring out",35,
"unhappy",35,
"passing by",35,
"other",35,
"microwave",35,
"soil",35,
"turn off",35,
"bubbly",35,
"cargo",35,
"direct signal",35,
"frying",35,
"cobblestone",35,
"wobbly",35,
"agitated",35,
"part",35,
"wildcat",35,
"coins",35,
"dagger",35,
"outdoors",35,
"bolt action",35,
"stamper",35,
"pong",35,
"rumbling stones",35,
"and cracking sticks",35,
"lair",35,
"mucilage",35,
"v8",35,
"gearknob",35,
"karting",35,
"resize",35,
"crinkling",35,
"drowning",35,
"yellow warbler",35,
"western guitar",34,
"tilt",34,
"rattling sound",34,
"tapping",34,
"sticky",34,
"seamless loop",34,
"double hits",34,
"bundle",34,
"drain",34,
"burp",34,
"attention",34,
"splashy",34,
"teaser",34,
"braam",34,
"frequencies",34,
"high frequency",34,
"high voltage",34,
"against",34,
"sweeping",34,
"vacuum",34,
"slamming",34,
"toothbrush",34,
"calls",34,
"single shot",34,
"beer",34,
"fuzz",34,
"rasp",34,
"unfold",34,
"replace",34,
"mix",34,
"porcelain",34,
"applauding and whistling",34,
"talking and mumbling",34,
"appaloosa",34,
"flowerpot",34,
"graze",34,
"public place",34,
"western meadowlark",34,
"navigation",34,
"deejay",33,
"bumpy",33,
"didgeridoo",33,
"rice",33,
"glockenspiel",33,
"rotating",33,
"rumple",33,
"commode",33,
"basic",33,
"roof",33,
"current",33,
"squishing",33,
"deafening",33,
"droning",33,
"copter",33,
"decrescendo",33,
"wide stereo image",33,
"crushing",33,
"android",33,
"shock",33,
"hood",33,
"fluctuate",33,
"bathtub",33,
"watch",33,
"20m distance",33,
"pointing to muzzle",33,
"1.5m behind shooter",33,
"approx",33,
"15cm distance",33,
"behind shooter",33,
"8m distance",33,
"6m distance",33,
"standard",33,
"single movement",33,
"toothpaste",33,
"motorized",33,
"baa",33,
"young panther",33,
"deny",33,
"flopping",33,
"northern cardinal",33,
"shimmer",32,
"detuned",32,
"clarinet",32,
"increase",32,
"arabic",32,
"straight",32,
"cards",32,
"cd",32,
"fired",32,
"scan",32,
"printing",32,
"overtones",32,
"full power",32,
"full throttle",32,
"dji",32,
"mavic",32,
"upside down",32,
"pneumatic",32,
"thread",32,
"put down",32,
"pointing towards muzzle",32,
"squall",32,
"shoes",32,
"without weight plates",32,
"woof",32,
"dirt & sand",32,
"surprise",32,
"work platform",32,
"lifting platform",32,
"construct",32,
"preamp",32,
"herd",32,
"panting",32,
"vulture",32,
"petrol",32,
"distant traffic",32,
"wildlife",32,
"emotive",32,
"credit",32,
"identification",32,
"small band",32,
"navigate",32,
"hermes",32,
"symbol",32,
"minor",31,
"timbre",31,
"trilling",31,
"gust",31,
"drumming",31,
"foreign",31,
"cadence",31,
"grip",31,
"rustling sound",31,
"filling",31,
"low rumble",31,
"beater",31,
"sweet",31,
"balls",31,
"cream",31,
"tweet",31,
"spark",31,
"numbers",31,
"hovercraft",31,
"zing",31,
"highly",31,
"fast movement",31,
"bones",31,
"injure",31,
"russian",31,
"selective fire",31,
"colt m4",31,
"toss",31,
"toaster",31,
"football",31,
"snarling",31,
"frightened",31,
"goat",31,
"red-winged blackbird",31,
"join",31,
"poof on impact",31,
"dasher",31,
"cornflakes",31,
"citrus",31,
"tooth",31,
"mute",30,
"chaotic",30,
"head",30,
"atonal",30,
"twang",30,
"oud",30,
"sway",30,
"crease",30,
"collect",30,
"underground",30,
"pond",30,
"wash up",30,
"close distance",30,
"while",30,
"clamp",30,
"suction",30,
"patter",30,
"base",30,
"breaking",30,
"windy",30,
"tunnel",30,
"exhaust",30,
"honking",30,
"item",30,
"submerged",30,
"bank",30,
"small metal machine",30,
"tie down strap",30,
"loop strap",30,
"two piece strap",30,
"coin",30,
"reverb rippling outward",30,
"whirr",30,
"commercial",30,
"50 calibre",30,
"silenced",30,
"latex",30,
"buggy",30,
"painful screams",30,
"closed mouth",30,
"extension",30,
"distressed",30,
"hand mixer",30,
"sock",30,
"whistling and applauding",30,
"controls",30,
"amphibian",30,
"chestnut",30,
"abs brake skid",30,
"train station",30,
"northern flicker",30,
"roasting",30,
"skillet",30,
"stylized echo",30,
"cursor",30,
"salve",30,
"harmonics",29,
"electric guitar",29,
"clerical",29,
"department",29,
"careful",29,
"slapping",29,
"wiggly",29,
"cash",29,
"shirt",29,
"9mm",29,
"rev up",29,
"cutter",29,
"spaghetti",29,
"sail",29,
"low mid resonance",29,
"very fast decay",29,
"isolated",29,
"drips",29,
"snorting",29,
"bug",29,
"decelerating",29,
"recorded close",29,
"health",29,
"ship hull",29,
"trashcan",29,
"undress",29,
"injury",29,
"apple",29,
"vibe",29,
"roller shutter",29,
"display",29,
"rimfire",29,
"uncap",29,
"adhesive",29,
"sponge",29,
"cart",29,
"salad",29,
"opened",29,
"scabbard",29,
"cell",29,
"lunatic",29,
"maniac",29,
"exhaling",29,
"medium pace",29,
"wild cat",29,
"automotive",29,
"house finch",29,
"peel",29,
"descend",28,
"classical guitar",28,
"snare",28,
"destroyed",28,
"cow",28,
"dent",28,
"pick up",28,
"with high force",28,
"chest",28,
"soap",28,
"leave",28,
"kicking",28,
"compressor",28,
"bits and pieces",28,
"enormous",28,
"droid",28,
"everyday",28,
"draining",28,
"sheet metal",28,
"basin",28,
"pull out",28,
"reverberating in distance",28,
"dry fire",28,
"heavy bass",28,
"machine gun",28,
"early",28,
"cubicle",28,
"dispenser",28,
"security",28,
"crank",28,
"long painful shouts",28,
"snatch",28,
"differing in speed",28,
"biting",28,
"hackle",28,
"ventilation",28,
"people shouting woo",28,
"woo!",28,
"rubberized switch",28,
"gummed",28,
"pet",28,
"hawk",28,
"car chase",28,
"withered",28,
"briar",28,
"brushwood",28,
"brambles",28,
"mf",28,
"freeway",28,
"autobahn",28,
"tablecloth",28,
"squad repeating",28,
"poisoning",28,
"little monster",28,
"fold out",28,
"phonograph",28,
"objective",28,
"mechanical noise",28,
"vibrating smart phone",28,
"buzzing and static",28,
"gritty",27,
"octave",27,
"phrase",27,
"trills",27,
"fail",27,
"triangle",27,
"towel",27,
"folder",27,
"sandpaper",27,
"bench",27,
"generic wood",27,
"soft sound",27,
"variations",27,
"but",27,
"discharge",27,
"very",27,
"fastly",27,
"low rpm",27,
"patting",27,
"rest",27,
"grumble",27,
"bomber",27,
"multiple instances",27,
"explosive",27,
"center",27,
"punching low resonance",27,
"single strong hit",27,
"oil",27,
"pulsing",27,
"lifter",27,
"girl",27,
"loaded",27,
"magnetic",27,
"flex",27,
"sharpener",27,
"volley",27,
"semiautomatic",27,
"mg",27,
"elemental",27,
"seal",27,
"air bag",27,
"slot",27,
"distantly",27,
"barking",27,
"reel",27,
"adjustment",27,
"beans",27,
"moving chairs",27,
"chirps",27,
"offspring",27,
"forward honking",27,
"s4",27,
"single rev ups",27,
"constant revving",27,
"prius",27,
"minimal pedestrian activity",27,
"denture",27,
"f1",26,
"arpeggio",26,
"cement",26,
"pages",26,
"plank",26,
"earthquake",26,
"knuckles",26,
"enter",26,
"ripples",26,
"cliff",26,
"meow",26,
"broom",26,
"loopable",26,
"trimmer",26,
"sized",26,
"squash",26,
"moist",26,
"robotic",26,
"drastic",26,
"fountain",26,
"active",26,
"medium tail",26,
"sent",26,
"crinkle",26,
"gigantic",26,
"rubbing alcohol",26,
"thirsty",26,
"frame",26,
"shut off",26,
"left side",26,
"mono shotgun microphone",26,
"right side",26,
"xy cardioid microphones",26,
"impulse",26,
"rugged",26,
"sit",26,
"dump",26,
"vent",26,
"trick",26,
"cue",26,
"mash",26,
"sweets",26,
"whistling and mumbling",26,
"marquee",26,
"applauding and mumbling",26,
"cracking sticks",26,
"toggle",26,
"winder",26,
"flowers",26,
"ii",26,
"kamaz",26,
"pa",26,
"emotions",26,
"masculine",26,
"send",26,
"options",26,
"single hit",25,
"reed",25,
"erratic",25,
"rehearsal",25,
"timpani",25,
"temple",25,
"cowbell",25,
"wide",25,
"oriental",25,
"qanun",25,
"decrease",25,
"gloomy",25,
"parchment",25,
"lumber",25,
"shelf",25,
"basket",25,
"firm",25,
"grains",25,
"missile",25,
"chopper",25,
"bursts",25,
"variation",25,
"ghostly",25,
"slight low rumble",25,
"much",25,
"ascending pitch",25,
"rumbling noise",25,
"distinct",25,
"transmission",25,
"crawl",25,
"summon",25,
"engage",25,
"isopropyl",25,
"hinge",25,
"felt",25,
"mech",25,
"nato",25,
"cock",25,
"gum",25,
"stirring",25,
"wiping",25,
"rocking",25,
"crowing",25,
"inflate",25,
"question",25,
"wiggling",25,
"decoration",25,
"compartment",25,
"disappear",25,
"stand mixer",25,
"freight",25,
"arthropoda",25,
"wasp",25,
"baaing",25,
"handbrake",25,
"formula",25,
"swimming trunks",25,
"shake out",25,
"clucking",25,
"cute",25,
"pizza",25,
"slot machine",25,
"digest",25,
"months",25,